Feature,False Positives (Mistakes),True Negatives (Correct)
LogP,3.231083333333336,0.7222703225806458
TPSA,52.606666666666655,116.92064516129032
MW,314.263,391.49490322580647
