Feature,False Positives (Mistakes),True Negatives (Correct)
LogP,2.941360000000002,0.9372229090909108
TPSA,59.574,122.6396363636364
MW,338.51420000000036,412.3486545454545
