num,name,p_np,smiles,LogP,TPSA,MW,HBA,HBD,RotatableBonds,Charge,probs,preds
631,skb-h,0,c1cc2c(c(c(c3ccccc3)nc2cc1)OCCNC([C@@H]1CCCN1)=O)C(=O)N[C@@H](CC)c1ccccc1,5.029900000000004,92.35,522.6490000000003,5.0,3.0,10.0,0.4885911974934959,0.55972856,1
269,1-47,0,NCCc1cn2c(n1)cccc2,0.8354999999999998,43.32,161.20800000000008,2.0,1.0,3.0,0.3300833886531931,0.57319516,1
595,Ebastine,0,CC(C)(C)c1ccc(cc1)C(=O)CCCN2CCC(CC2)OC(c3ccccc3)c4ccccc4,7.217600000000008,29.540000000000003,469.6689999999996,3.0,0.0,9.0,0.3654595092388025,0.61578584,1
540,Thiopental,0,CCCC(C)C1(CC)C(=O)NC(=S)NC1=O,1.3499,58.2,242.34400000000016,3.0,2.0,4.0,0.3018990998930207,0.9896181,1
400,Stanozolol,0,C[C@]1(O)CC[C@H]2[C@@H]3CC[C@H]4Cc5[nH]ncc5C[C@]4(C)[C@H]3CC[C@]12C,4.118100000000003,48.91,328.49999999999943,2.0,2.0,1.0,0.389602793777027,0.55837506,1
569,Y-G20,0,c1c(nc2n1cccc2)CCN,0.8354999999999999,43.32,161.20800000000008,2.0,1.0,3.0,0.3300833886531931,0.57319516,1
