p_np,smiles,LogP,TPSA,MW,HBA,HBD,RotatableBonds,Charge,probs,preds
0,CCCCc1oc2ccccc2c1C(=O)c3cc(I)c(OCCN(CC)CC)c(I)c3,6.936200000000007,42.68,645.3190000000013,4.0,0.0,11.0,0.4900306764557738,0.88139665,1
0,O=C1Oc2ccccc2C=C1,1.793,30.21,146.14500000000004,2.0,0.0,0.0,0.4227294736611369,0.76273817,1
0,c1cc2c(c(c(c3ccccc3)nc2cc1)OCCNC([C@@H]1CCCN1)=O)C(=O)N[C@@H](CC)c1ccccc1,5.029900000000004,92.35,522.6490000000003,5.0,3.0,10.0,0.4885911974934959,0.51152176,1
0,CCCC(C)C1(CC)C(=O)NC(=S)NC1=O,1.3499,58.2,242.34400000000016,3.0,2.0,4.0,0.3018990998930207,0.8414559,1
0,O=C1N=CN=C2NNC=C12,-0.4022000000000001,74.43,136.11400000000003,3.0,2.0,0.0,0.3059625411649024,0.5279299,1
