Feature,False Positives (Mistakes),True Negatives (Correct)
LogP,0.830769756097562,0.3971800000000022
TPSA,133.18243902439022,164.62571428571428
MW,415.03263414634154,529.5521428571435
